date,time,hour,day_of_the_week,food_item_name,food_item_category,food_item_price,table_capacity,order_type,quantity,datetime,day_type
2025-07-16,22:32:00,22,Wednesday,Butter Roast,Dosai Varities,140,4.0,Dine In,1,2025-07-16 22:32:00,Weekday
2025-07-16,22:32:00,22,Wednesday,Gobi Butter Roast,Dosai Varities,160,4.0,Dine In,1,2025-07-16 22:32:00,Weekday
2025-07-16,22:32:00,22,Wednesday,Bangalore Podi Dosa with Pure Ghee,Rasi's Special,90,4.0,Dine In,1,2025-07-16 22:32:00,Weekday
2025-07-16,22:32:00,22,Wednesday,Mysore Masala Dosa with Pure Ghee,Rasi's Special,80,4.0,Dine In,1,2025-07-16 22:32:00,Weekday
2025-07-16,22:32:00,22,Wednesday,Garlic Podi Roast,Dosai Varities,120,4.0,Dine In,1,2025-07-16 22:32:00,Weekday
2025-07-16,20:22:00,20,Wednesday,Mysore Masala Dosa with Pure Ghee,Rasi's Special,80,4.0,Dine In,1,2025-07-16 20:22:00,Weekday
2025-07-16,20:22:00,20,Wednesday,Garlic Podi Roast,Dosai Varities,120,4.0,Dine In,1,2025-07-16 20:22:00,Weekday
2025-07-16,20:20:00,20,Wednesday,Bangalore Masala Dosa with Pure Ghee,Rasi's Special,70,,Take Away,1,2025-07-16 20:20:00,Weekday
2025-07-16,20:20:00,20,Wednesday,Bangalore Podi Dosa with Pure Ghee,Rasi's Special,90,,Take Away,1,2025-07-16 20:20:00,Weekday
2025-07-16,20:20:00,20,Wednesday,Bangalore Masala Dosa with Pure Ghee,Rasi's Special,70,,Take Away,1,2025-07-16 20:20:00,Weekday
2025-07-16,20:20:00,20,Wednesday,Bangalore Podi Dosa with Pure Ghee,Rasi's Special,90,,Take Away,1,2025-07-16 20:20:00,Weekday
2025-05-16,12:38:00,12,Friday,Mushroom 65,Soup(Veg & Non Veg),150,4.0,Dine In,1,2025-05-16 12:38:00,Weekday
2025-05-16,11:54:00,11,Friday,Ghee Roast,Dosai Varities,120,4.0,Dine In,1,2025-05-16 11:54:00,Weekday
2025-05-16,11:53:00,11,Friday,Curd Rice,Rice&Biriyani,50,4.0,Dine In,1,2025-05-16 11:53:00,Weekday
2025-05-16,11:53:00,11,Friday,Lemon Rice,Rice&Biriyani,50,4.0,Dine In,1,2025-05-16 11:53:00,Weekday
2025-05-16,11:07:00,11,Friday,llai,Others,10,4.0,Dine In,1,2025-05-16 11:07:00,Weekday
2025-05-16,11:07:00,11,Friday,Water,Others,10,4.0,Dine In,1,2025-05-16 11:07:00,Weekday
2025-05-16,11:01:00,11,Friday,Idli,Idli,10,4.0,Dine In,1,2025-05-16 11:01:00,Weekday
2025-05-16,11:01:00,11,Friday,Star Idli,Idli,20,4.0,Dine In,1,2025-05-16 11:01:00,Weekday
2025-05-16,00:05:00,0,Friday,Bangalore Masala Dosa with Pure Ghee,Rasi's Special,70,4.0,Dine In,1,2025-05-16 00:05:00,Weekday
2025-05-16,00:04:00,0,Friday,Chicken Omlet,Egg,200,12.0,Dine In,1,2025-05-16 00:04:00,Weekday
2025-05-16,00:03:00,0,Friday,Mysore Masala Dosa with Pure Ghee,Rasi's Special,80,,Take Away,1,2025-05-16 00:03:00,Weekday
2025-05-15,23:58:00,23,Thursday,Garlic Podi Roast,Dosai Varities,120,4.0,Dine In,1,2025-05-15 23:58:00,Weekday
2025-05-15,23:47:00,23,Thursday,Bun Parota,Parrota,50,4.0,Dine In,1,2025-05-15 23:47:00,Weekday
2025-05-15,23:43:00,23,Thursday,Kadai Mushroom,Veg & Non-Veg Gravy,170,12.0,Dine In,1,2025-05-15 23:43:00,Weekday
2025-05-15,23:43:00,23,Thursday,Grill Chicken Full,Tandoori & Tikka,480,12.0,Dine In,1,2025-05-15 23:43:00,Weekday
2025-05-15,23:38:00,23,Thursday,Gobi 65,Soup(Veg & Non Veg),120,12.0,Dine In,1,2025-05-15 23:38:00,Weekday
2025-05-15,23:38:00,23,Thursday,Full Boil,Egg,20,12.0,Dine In,1,2025-05-15 23:38:00,Weekday
2025-05-15,23:36:00,23,Thursday,Bangalore Masala Dosa with Pure Ghee,Rasi's Special,70,4.0,Dine In,1,2025-05-15 23:36:00,Weekday
2025-05-15,23:31:00,23,Thursday,Bangalore Podi Dosa with Pure Ghee,Rasi's Special,90,4.0,Dine In,1,2025-05-15 23:31:00,Weekday
2025-05-15,20:09:00,20,Thursday,Egg Lappa,Parrota,140,4.0,Dine In,1,2025-05-15 20:09:00,Weekday
2025-05-15,19:41:00,19,Thursday,Mysore Masala Dosa with Pure Ghee,Rasi's Special,80,4.0,Dine In,1,2025-05-15 19:41:00,Weekday
2025-05-15,19:08:00,19,Thursday,Butter Roast,Dosai Varities,140,4.0,Dine In,1,2025-05-15 19:08:00,Weekday
2025-05-15,18:19:00,18,Thursday,Bangalore Masala Dosa with Pure Ghee,Rasi's Special,70,,Take Away,2,2025-05-15 18:19:00,Weekday
2025-05-15,18:17:00,18,Thursday,Mysore Masala Dosa with Pure Ghee,Rasi's Special,80,,Take Away,2,2025-05-15 18:17:00,Weekday
2025-05-15,17:59:00,17,Thursday,Bangalore Masala Dosa with Pure Ghee,Rasi's Special,70,,Take Away,2,2025-05-15 17:59:00,Weekday
2025-05-15,17:58:00,17,Thursday,Bangalore Masala Dosa with Pure Ghee,Rasi's Special,70,,Take Away,2,2025-05-15 17:58:00,Weekday
2025-05-15,17:56:00,17,Thursday,Bangalore Masala Dosa with Pure Ghee,Rasi's Special,70,,Take Away,2,2025-05-15 17:56:00,Weekday
2025-05-15,17:52:00,17,Thursday,Bangalore Masala Dosa with Pure Ghee,Rasi's Special,70,,Take Away,1,2025-05-15 17:52:00,Weekday
2025-05-15,17:50:00,17,Thursday,Bangalore Podi Dosa with Pure Ghee,Rasi's Special,90,,Take Away,2,2025-05-15 17:50:00,Weekday
2025-05-15,17:47:00,17,Thursday,Mysore Masala Dosa with Pure Ghee,Rasi's Special,80,,Take Away,2,2025-05-15 17:47:00,Weekday
2025-05-15,17:40:00,17,Thursday,Mysore Masala Dosa with Pure Ghee,Rasi's Special,80,,Take Away,2,2025-05-15 17:40:00,Weekday
2025-05-15,17:03:00,17,Thursday,Bangalore Masala Dosa with Pure Ghee,Rasi's Special,70,,Take Away,2,2025-05-15 17:03:00,Weekday
2025-05-15,12:18:00,12,Thursday,Mysore Podi Dosa with Pure Ghee,Rasi's Special,100,,Take Away,1,2025-05-15 12:18:00,Weekday
2025-05-15,12:18:00,12,Thursday,Bun Parota,Parrota,50,,Take Away,1,2025-05-15 12:18:00,Weekday
2025-05-15,12:17:00,12,Thursday,Mysore Podi Dosa with Pure Ghee,Rasi's Special,100,,Take Away,1,2025-05-15 12:17:00,Weekday
2025-05-15,12:17:00,12,Thursday,Bun Parota,Parrota,50,,Take Away,2,2025-05-15 12:17:00,Weekday
2025-05-15,12:15:00,12,Thursday,Mysore Masala Dosa with Pure Ghee,Rasi's Special,80,,Take Away,2,2025-05-15 12:15:00,Weekday
2025-05-15,12:15:00,12,Thursday,Garlic Podi Roast,Dosai Varities,120,,Take Away,1,2025-05-15 12:15:00,Weekday
2025-05-15,12:06:00,12,Thursday,Bangalore Podi Dosa with Pure Ghee,Rasi's Special,90,4.0,Dine In,1,2025-05-15 12:06:00,Weekday
2025-05-15,12:03:00,12,Thursday,Mysore Podi Dosa with Pure Ghee,Rasi's Special,100,,Take Away,1,2025-05-15 12:03:00,Weekday
2025-05-15,00:49:00,0,Thursday,Mysore Masala Dosa with Pure Ghee,Rasi's Special,80,4.0,Dine In,1,2025-05-15 00:49:00,Weekday
2025-05-15,00:39:00,0,Thursday,Mysore Masala Dosa with Pure Ghee,Rasi's Special,80,,Take Away,1,2025-05-15 00:39:00,Weekday
2025-05-08,13:11:00,13,Thursday,Bangalore Podi Dosa with Pure Ghee,Rasi's Special,90,4.0,Dine In,1,2025-05-08 13:11:00,Weekday
2025-05-08,13:11:00,13,Thursday,Mysore Masala Dosa with Pure Ghee,Rasi's Special,80,4.0,Dine In,1,2025-05-08 13:11:00,Weekday
2025-05-08,13:11:00,13,Thursday,Mysore Masala Dosa with Pure Ghee,Rasi's Special,80,4.0,Dine In,1,2025-05-08 13:11:00,Weekday
2025-05-08,13:11:00,13,Thursday,Mysore Podi Dosa with Pure Ghee,Rasi's Special,100,4.0,Dine In,1,2025-05-08 13:11:00,Weekday
2025-05-07,11:56:00,11,Wednesday,Mysore Masala Dosa with Pure Ghee,Rasi's Special,80,,Take Away,1,2025-05-07 11:56:00,Weekday
2025-05-07,11:43:00,11,Wednesday,Mysore Masala Dosa with Pure Ghee,Rasi's Special,80,4.0,Dine In,1,2025-05-07 11:43:00,Weekday
2025-05-07,11:43:00,11,Wednesday,Kadai Mushroom,Veg & Non-Veg Gravy,170,4.0,Dine In,1,2025-05-07 11:43:00,Weekday
2025-05-07,11:42:00,11,Wednesday,Masal Roast,Dosai Varities,130,4.0,Dine In,1,2025-05-07 11:42:00,Weekday
2025-05-07,11:42:00,11,Wednesday,Bangalore Podi Dosa with Pure Ghee,Rasi's Special,90,4.0,Dine In,1,2025-05-07 11:42:00,Weekday
2025-05-07,11:42:00,11,Wednesday,Chapathi,Chappathi,30,4.0,Dine In,1,2025-05-07 11:42:00,Weekday
2025-05-07,11:40:00,11,Wednesday,Bangalore Masala Dosa with Pure Ghee,Rasi's Special,70,4.0,Dine In,1,2025-05-07 11:40:00,Weekday
2025-05-07,11:40:00,11,Wednesday,Gobi Roast,Dosai Varities,120,4.0,Dine In,1,2025-05-07 11:40:00,Weekday
2025-05-07,11:40:00,11,Wednesday,Mysore Masala Dosa with Pure Ghee,Rasi's Special,80,4.0,Dine In,1,2025-05-07 11:40:00,Weekday
2025-05-07,11:16:00,11,Wednesday,Mysore Masala Dosa with Pure Ghee,Rasi's Special,80,4.0,Dine In,1,2025-05-07 11:16:00,Weekday
2025-05-07,11:14:00,11,Wednesday,Bangalore Podi Dosa with Pure Ghee,Rasi's Special,90,4.0,Dine In,1,2025-05-07 11:14:00,Weekday
2025-05-07,11:00:00,11,Wednesday,Mysore Masala Dosa with Pure Ghee,Rasi's Special,80,,Take Away,1,2025-05-07 11:00:00,Weekday
2025-05-07,10:52:00,10,Wednesday,Bun Parota,Parrota,50,4.0,Dine In,1,2025-05-07 10:52:00,Weekday
2025-05-07,10:47:00,10,Wednesday,Mysore Masala Dosa with Pure Ghee,Rasi's Special,80,,Take Away,1,2025-05-07 10:47:00,Weekday
2025-05-07,10:47:00,10,Wednesday,Mysore Podi Dosa with Pure Ghee,Rasi's Special,100,,Take Away,1,2025-05-07 10:47:00,Weekday
2025-05-07,10:37:00,10,Wednesday,Chapathi,Chappathi,30,4.0,Dine In,2,2025-05-07 10:37:00,Weekday
2025-05-07,10:37:00,10,Wednesday,Chicken Rice,Rice & Noodles,160,4.0,Dine In,1,2025-05-07 10:37:00,Weekday
2025-05-07,10:35:00,10,Wednesday,Gobi Ghee Roast,Dosai Varities,160,,Take Away,1,2025-05-07 10:35:00,Weekday
2025-05-07,10:27:00,10,Wednesday,Chapathi,Chappathi,30,4.0,Dine In,1,2025-05-07 10:27:00,Weekday
2025-05-07,10:27:00,10,Wednesday,Mysore Podi Dosa with Pure Ghee,Rasi's Special,100,4.0,Dine In,1,2025-05-07 10:27:00,Weekday
2025-05-06,19:12:00,19,Tuesday,Mysore Masala Dosa with Pure Ghee,Rasi's Special,80,,Take Away,1,2025-05-06 19:12:00,Weekday
2025-05-06,19:12:00,19,Tuesday,Bangalore Podi Dosa with Pure Ghee,Rasi's Special,90,,Take Away,1,2025-05-06 19:12:00,Weekday
2025-05-06,19:10:00,19,Tuesday,Podi Uthappam,Dosai Varities,80,,Take Away,1,2025-05-06 19:10:00,Weekday
2025-05-06,19:10:00,19,Tuesday,Rava Roast,Dosai Varities,90,,Take Away,1,2025-05-06 19:10:00,Weekday
2025-05-06,19:10:00,19,Tuesday,Chicken Curry Dosa,Dosai Varities (Non-veg),190,,Take Away,1,2025-05-06 19:10:00,Weekday
2025-05-06,19:08:00,19,Tuesday,Butter Roast,Dosai Varities,140,4.0,Dine In,1,2025-05-06 19:08:00,Weekday
2025-05-06,19:08:00,19,Tuesday,Garlic Podi Roast,Dosai Varities,120,4.0,Dine In,1,2025-05-06 19:08:00,Weekday
2025-05-06,19:08:00,19,Tuesday,Ghee Roast,Dosai Varities,120,4.0,Dine In,1,2025-05-06 19:08:00,Weekday
2025-05-06,19:08:00,19,Tuesday,Kal Dosa,Dosai Varities,60,4.0,Dine In,1,2025-05-06 19:08:00,Weekday
2025-05-06,19:07:00,19,Tuesday,Mysore Masala Dosa with Pure Ghee,Rasi's Special,80,4.0,Dine In,1,2025-05-06 19:07:00,Weekday
2025-05-06,19:07:00,19,Tuesday,Mysore Podi Dosa with Pure Ghee,Rasi's Special,100,4.0,Dine In,1,2025-05-06 19:07:00,Weekday
2025-05-06,19:07:00,19,Tuesday,Onion Roast,Dosai Varities,110,4.0,Dine In,1,2025-05-06 19:07:00,Weekday
2025-05-06,19:07:00,19,Tuesday,Paneer Butter Roast,Dosai Varities,170,4.0,Dine In,1,2025-05-06 19:07:00,Weekday
2025-05-06,19:07:00,19,Tuesday,Bangalore Masala Dosa with Pure Ghee,Rasi's Special,70,4.0,Dine In,1,2025-05-06 19:07:00,Weekday
2025-05-06,19:07:00,19,Tuesday,Bangalore Podi Dosa with Pure Ghee,Rasi's Special,90,4.0,Dine In,1,2025-05-06 19:07:00,Weekday
2025-05-06,19:07:00,19,Tuesday,Mysore Masala Dosa with Pure Ghee,Rasi's Special,80,4.0,Dine In,1,2025-05-06 19:07:00,Weekday
2025-05-06,19:07:00,19,Tuesday,Mysore Podi Dosa with Pure Ghee,Rasi's Special,100,4.0,Dine In,1,2025-05-06 19:07:00,Weekday
2025-05-06,18:47:00,18,Tuesday,Chilli Idli,Idli,140,,Take Away,1,2025-05-06 18:47:00,Weekday
2025-05-06,18:47:00,18,Tuesday,Heart Idli,Idli,30,,Take Away,1,2025-05-06 18:47:00,Weekday
2025-05-06,18:47:00,18,Tuesday,Idli,Idli,10,,Take Away,2,2025-05-06 18:47:00,Weekday
2025-05-06,18:44:00,18,Tuesday,Garlic Podi Roast,Dosai Varities,120,,Take Away,1,2025-05-06 18:44:00,Weekday
2025-05-06,18:44:00,18,Tuesday,Gobi Ghee Roast,Dosai Varities,160,,Take Away,1,2025-05-06 18:44:00,Weekday
2025-05-06,18:44:00,18,Tuesday,Masal Roast,Dosai Varities,130,,Take Away,1,2025-05-06 18:44:00,Weekday
2025-05-06,15:53:00,15,Tuesday,Gobi Ghee Roast,Dosai Varities,160,4.0,Dine In,2,2025-05-06 15:53:00,Weekday
2025-05-06,15:53:00,15,Tuesday,Garlic Podi Roast,Dosai Varities,120,4.0,Dine In,2,2025-05-06 15:53:00,Weekday
2025-05-06,15:49:00,15,Tuesday,Gobi Ghee Roast,Dosai Varities,160,,Take Away,1,2025-05-06 15:49:00,Weekday
2025-05-06,15:49:00,15,Tuesday,Garlic Podi Roast,Dosai Varities,120,,Take Away,1,2025-05-06 15:49:00,Weekday
2025-05-06,15:49:00,15,Tuesday,Butter Roast,Dosai Varities,140,,Take Away,1,2025-05-06 15:49:00,Weekday
2025-05-06,15:49:00,15,Tuesday,Gobi Butter Roast,Dosai Varities,160,,Take Away,1,2025-05-06 15:49:00,Weekday
2025-05-06,15:30:00,15,Tuesday,Garlic Podi Roast,Dosai Varities,120,4.0,Dine In,1,2025-05-06 15:30:00,Weekday
2025-05-06,15:30:00,15,Tuesday,Gobi Ghee Roast,Dosai Varities,160,4.0,Dine In,1,2025-05-06 15:30:00,Weekday
2025-05-06,15:13:00,15,Tuesday,Chapathi,Chappathi,30,4.0,Dine In,4,2025-05-06 15:13:00,Weekday
2025-05-06,15:13:00,15,Tuesday,Bangalore Masala Dosa with Pure Ghee,Rasi's Special,70,4.0,Dine In,1,2025-05-06 15:13:00,Weekday
2025-05-06,15:13:00,15,Tuesday,Bangalore Podi Dosa with Pure Ghee,Rasi's Special,90,4.0,Dine In,1,2025-05-06 15:13:00,Weekday
2025-05-06,15:13:00,15,Tuesday,Mysore Masala Dosa with Pure Ghee,Rasi's Special,80,4.0,Dine In,1,2025-05-06 15:13:00,Weekday
2025-05-06,15:13:00,15,Tuesday,Mysore Podi Dosa with Pure Ghee,Rasi's Special,100,4.0,Dine In,1,2025-05-06 15:13:00,Weekday
2025-05-06,15:13:00,15,Tuesday,Bangalore Masala Dosa with Pure Ghee,Rasi's Special,70,4.0,Dine In,1,2025-05-06 15:13:00,Weekday
2025-05-06,15:13:00,15,Tuesday,Bangalore Podi Dosa with Pure Ghee,Rasi's Special,90,4.0,Dine In,1,2025-05-06 15:13:00,Weekday
2025-05-06,15:13:00,15,Tuesday,Mysore Masala Dosa with Pure Ghee,Rasi's Special,80,4.0,Dine In,1,2025-05-06 15:13:00,Weekday
2025-05-06,15:13:00,15,Tuesday,Mysore Podi Dosa with Pure Ghee,Rasi's Special,100,4.0,Dine In,1,2025-05-06 15:13:00,Weekday
2025-05-06,15:13:00,15,Tuesday,Chapathi,Chappathi,30,12.0,Dine In,1,2025-05-06 15:13:00,Weekday
2025-05-06,15:13:00,15,Tuesday,Chapathi Egg Kothu,Chappathi,130,12.0,Dine In,1,2025-05-06 15:13:00,Weekday
2025-05-06,15:13:00,15,Tuesday,Plain Uthappam,Dosai Varities,50,12.0,Dine In,1,2025-05-06 15:13:00,Weekday
2025-05-06,15:13:00,15,Tuesday,Plain Dosa,Dosai Varities,60,12.0,Dine In,1,2025-05-06 15:13:00,Weekday
2025-05-06,15:13:00,15,Tuesday,Rava Dosa,Dosai Varities,80,12.0,Dine In,1,2025-05-06 15:13:00,Weekday
2025-05-06,15:13:00,15,Tuesday,Ghee Roast,Dosai Varities,120,12.0,Dine In,1,2025-05-06 15:13:00,Weekday
2025-05-06,15:13:00,15,Tuesday,Heart Idli,Idli,30,12.0,Dine In,1,2025-05-06 15:13:00,Weekday
2025-05-06,15:13:00,15,Tuesday,Idli,Idli,10,12.0,Dine In,1,2025-05-06 15:13:00,Weekday
2025-05-06,15:13:00,15,Tuesday,Star Idli,Idli,20,12.0,Dine In,1,2025-05-06 15:13:00,Weekday
2025-05-06,15:12:00,15,Tuesday,Mysore Podi Dosa with Pure Ghee,Rasi's Special,100,4.0,Dine In,1,2025-05-06 15:12:00,Weekday
2025-05-06,15:12:00,15,Tuesday,65 Biriyani,Rice&Biriyani,200,4.0,Dine In,1,2025-05-06 15:12:00,Weekday
2025-05-06,15:10:00,15,Tuesday,Chicken Curry Dosa,Dosai Varities (Non-veg),190,12.0,Dine In,1,2025-05-06 15:10:00,Weekday
2025-05-06,15:10:00,15,Tuesday,Mutton Curry Dosa,Dosai Varities (Non-veg),250,12.0,Dine In,1,2025-05-06 15:10:00,Weekday
2025-05-06,15:10:00,15,Tuesday,Egg Poriyal,Egg,60,12.0,Dine In,1,2025-05-06 15:10:00,Weekday
2025-05-06,15:10:00,15,Tuesday,Chicken Varuval,Non-Veg. Starters,190,12.0,Dine In,1,2025-05-06 15:10:00,Weekday
2025-05-06,15:10:00,15,Tuesday,Bun Parota,Parrota,50,12.0,Dine In,1,2025-05-06 15:10:00,Weekday
2025-05-06,15:10:00,15,Tuesday,Chicken Kizhi Parota,Parrota,180,12.0,Dine In,2,2025-05-06 15:10:00,Weekday
2025-05-06,15:10:00,15,Tuesday,Chicken Kothu Parota,Parrota,180,12.0,Dine In,2,2025-05-06 15:10:00,Weekday
2025-05-06,15:10:00,15,Tuesday,Chicken Lappa,Parrota,180,12.0,Dine In,1,2025-05-06 15:10:00,Weekday
2025-05-06,15:10:00,15,Tuesday,Chilli Paratha,Parrota,160,12.0,Dine In,1,2025-05-06 15:10:00,Weekday
2025-05-06,15:10:00,15,Tuesday,Mysore Podi Dosa with Pure Ghee,Rasi's Special,100,12.0,Dine In,1,2025-05-06 15:10:00,Weekday
2025-05-06,15:10:00,15,Tuesday,Chicken Noodles,Rice & Noodles,160,12.0,Dine In,1,2025-05-06 15:10:00,Weekday
2025-05-06,15:10:00,15,Tuesday,Empty Biriyani,Rice&Biriyani,120,12.0,Dine In,2,2025-05-06 15:10:00,Weekday
2025-05-06,15:10:00,15,Tuesday,Grill Chicken Full,Tandoori & Tikka,480,12.0,Dine In,2,2025-05-06 15:10:00,Weekday
2025-05-06,15:10:00,15,Tuesday,Hariyali Tikka,Tandoori & Tikka,200,12.0,Dine In,2,2025-05-06 15:10:00,Weekday
2025-05-06,15:10:00,15,Tuesday,Pepper chicken Dry/Gravy,Veg & Non-Veg Gravy,200,12.0,Dine In,1,2025-05-06 15:10:00,Weekday
2025-05-06,15:08:00,15,Tuesday,Chapathi,Chappathi,30,4.0,Dine In,1,2025-05-06 15:08:00,Weekday
2025-05-06,15:08:00,15,Tuesday,Chapathi Egg Kothu,Chappathi,130,4.0,Dine In,1,2025-05-06 15:08:00,Weekday
2025-05-06,15:08:00,15,Tuesday,Chapathi Veg Kothu,Chappathi,110,4.0,Dine In,1,2025-05-06 15:08:00,Weekday
2025-05-06,15:08:00,15,Tuesday,Chicken Chapathii Kothu,Chappathi,170,4.0,Dine In,1,2025-05-06 15:08:00,Weekday
2025-05-06,15:08:00,15,Tuesday,Butter Roast,Dosai Varities,140,4.0,Dine In,1,2025-05-06 15:08:00,Weekday
2025-05-06,15:08:00,15,Tuesday,Garlic Podi Roast,Dosai Varities,120,4.0,Dine In,1,2025-05-06 15:08:00,Weekday
2025-05-06,15:08:00,15,Tuesday,Ghee Roast,Dosai Varities,120,4.0,Dine In,1,2025-05-06 15:08:00,Weekday
2025-05-06,15:06:00,15,Tuesday,Chicken Biriyani,Rice&Biriyani,190,,Take Away,1,2025-05-06 15:06:00,Weekday
2025-05-06,15:06:00,15,Tuesday,Curd Rice,Rice&Biriyani,50,,Take Away,1,2025-05-06 15:06:00,Weekday
2025-05-06,15:05:00,15,Tuesday,Mysore Masala Dosa with Pure Ghee,Rasi's Special,80,,Take Away,1,2025-05-06 15:05:00,Weekday
2025-05-06,15:05:00,15,Tuesday,Bangalore Podi Dosa with Pure Ghee,Rasi's Special,90,,Take Away,1,2025-05-06 15:05:00,Weekday
2025-05-06,15:05:00,15,Tuesday,Mysore Podi Dosa with Pure Ghee,Rasi's Special,100,,Take Away,1,2025-05-06 15:05:00,Weekday
2025-05-06,15:05:00,15,Tuesday,Mysore Masala Dosa with Pure Ghee,Rasi's Special,80,,Take Away,1,2025-05-06 15:05:00,Weekday
2025-05-06,15:05:00,15,Tuesday,Bangalore Podi Dosa with Pure Ghee,Rasi's Special,90,,Take Away,1,2025-05-06 15:05:00,Weekday
2025-05-06,15:05:00,15,Tuesday,Mysore Podi Dosa with Pure Ghee,Rasi's Special,100,,Take Away,1,2025-05-06 15:05:00,Weekday
2025-05-05,21:00:00,21,Monday,Mysore Masala Dosa with Pure Ghee,Rasi's Special,80,4.0,Dine In,2,2025-05-05 21:00:00,Weekday
2025-05-05,21:00:00,21,Monday,Bangalore Podi Dosa with Pure Ghee,Rasi's Special,90,4.0,Dine In,2,2025-05-05 21:00:00,Weekday
2025-05-05,21:00:00,21,Monday,Butter Roast,Dosai Varities,140,4.0,Dine In,1,2025-05-05 21:00:00,Weekday
2025-05-05,21:00:00,21,Monday,Garlic Podi Roast,Dosai Varities,120,4.0,Dine In,1,2025-05-05 21:00:00,Weekday
2025-05-05,21:00:00,21,Monday,Gobi Ghee Roast,Dosai Varities,160,4.0,Dine In,1,2025-05-05 21:00:00,Weekday
2025-05-05,20:23:00,20,Monday,Ghee Roast,Dosai Varities,120,,Take Away,1,2025-05-05 20:23:00,Weekday
2025-05-05,20:23:00,20,Monday,Garlic Podi Roast,Dosai Varities,120,,Take Away,1,2025-05-05 20:23:00,Weekday
2025-05-05,20:23:00,20,Monday,Gobi Ghee Roast,Dosai Varities,160,,Take Away,1,2025-05-05 20:23:00,Weekday
2025-05-05,20:23:00,20,Monday,Masal Roast,Dosai Varities,130,,Take Away,1,2025-05-05 20:23:00,Weekday
2025-05-05,20:06:00,20,Monday,Bangalore Masala Dosa with Pure Ghee,Rasi's Special,70,,Take Away,1,2025-05-05 20:06:00,Weekday
2025-05-05,20:06:00,20,Monday,Bangalore Podi Dosa with Pure Ghee,Rasi's Special,90,,Take Away,1,2025-05-05 20:06:00,Weekday
2025-05-05,20:06:00,20,Monday,Mysore Masala Dosa with Pure Ghee,Rasi's Special,80,,Take Away,1,2025-05-05 20:06:00,Weekday
2025-05-05,20:06:00,20,Monday,Gobi Butter Roast,Dosai Varities,160,,Take Away,1,2025-05-05 20:06:00,Weekday
2025-05-05,20:06:00,20,Monday,Butter Roast,Dosai Varities,140,,Take Away,1,2025-05-05 20:06:00,Weekday
2025-05-05,19:05:00,19,Monday,Butter Roast,Dosai Varities,140,,Take Away,1,2025-05-05 19:05:00,Weekday
2025-05-05,19:05:00,19,Monday,Kal Dosa,Dosai Varities,60,,Take Away,1,2025-05-05 19:05:00,Weekday
2025-05-05,19:05:00,19,Monday,Garlic Podi Roast,Dosai Varities,120,,Take Away,1,2025-05-05 19:05:00,Weekday
2025-05-05,19:05:00,19,Monday,Gobi Ghee Roast,Dosai Varities,160,,Take Away,1,2025-05-05 19:05:00,Weekday
2025-05-05,18:46:00,18,Monday,Kal Dosa,Dosai Varities,60,,Take Away,3,2025-05-05 18:46:00,Weekday
2025-05-05,18:37:00,18,Monday,Garlic Podi Roast,Dosai Varities,120,,Take Away,1,2025-05-05 18:37:00,Weekday
2025-05-05,18:37:00,18,Monday,Gobi Ghee Roast,Dosai Varities,160,,Take Away,1,2025-05-05 18:37:00,Weekday
2025-05-05,18:29:00,18,Monday,Onion Dosa,Dosai Varities,90,4.0,Dine In,1,2025-05-05 18:29:00,Weekday
2025-05-05,18:29:00,18,Monday,Onion Roast,Dosai Varities,110,4.0,Dine In,1,2025-05-05 18:29:00,Weekday
2025-05-05,18:28:00,18,Monday,Ghee Roast,Dosai Varities,120,,Take Away,1,2025-05-05 18:28:00,Weekday
2025-05-05,18:28:00,18,Monday,Gobi Butter Roast,Dosai Varities,160,,Take Away,1,2025-05-05 18:28:00,Weekday
2025-05-05,18:24:00,18,Monday,Butter Roast,Dosai Varities,140,4.0,Dine In,1,2025-05-05 18:24:00,Weekday
2025-05-05,18:24:00,18,Monday,Garlic Podi Roast,Dosai Varities,120,4.0,Dine In,1,2025-05-05 18:24:00,Weekday
2025-05-05,18:09:00,18,Monday,Mysore Masala Dosa with Pure Ghee,Rasi's Special,80,,Take Away,1,2025-05-05 18:09:00,Weekday
2025-05-05,18:09:00,18,Monday,Bangalore Podi Dosa with Pure Ghee,Rasi's Special,90,,Take Away,1,2025-05-05 18:09:00,Weekday
2025-05-03,16:56:00,16,Saturday,Mysore Masala Dosa with Pure Ghee,Rasi's Special,80,4.0,Dine In,1,2025-05-03 16:56:00,Weekend
2025-05-03,16:56:00,16,Saturday,Mysore Podi Dosa with Pure Ghee,Rasi's Special,100,4.0,Dine In,1,2025-05-03 16:56:00,Weekend
2025-05-03,16:54:00,16,Saturday,Onion Roast,Dosai Varities,110,4.0,Dine In,1,2025-05-03 16:54:00,Weekend
2025-05-03,16:54:00,16,Saturday,Onion Rava Dosa,Dosai Varities,110,4.0,Dine In,1,2025-05-03 16:54:00,Weekend
2025-05-03,16:54:00,16,Saturday,Onion Uthappam,Dosai Varities,80,4.0,Dine In,1,2025-05-03 16:54:00,Weekend
2025-05-03,16:53:00,16,Saturday,Chicken Rice,Rice & Noodles,160,4.0,Dine In,1,2025-05-03 16:53:00,Weekend
2025-05-03,16:53:00,16,Saturday,Grill Chicken Half,Tandoori & Tikka,250,4.0,Dine In,1,2025-05-03 16:53:00,Weekend
2025-05-02,20:34:00,20,Friday,Chicken Rice,Rice & Noodles,160,4.0,Dine In,1,2025-05-02 20:34:00,Weekday
2025-05-02,20:34:00,20,Friday,Paratha 1 Pc,Parrota,20,4.0,Dine In,2,2025-05-02 20:34:00,Weekday
2025-05-02,20:33:00,20,Friday,Bangalore Masala Dosa with Pure Ghee,Rasi's Special,70,12.0,Dine In,1,2025-05-02 20:33:00,Weekday
2025-05-02,20:33:00,20,Friday,Bangalore Podi Dosa with Pure Ghee,Rasi's Special,90,12.0,Dine In,1,2025-05-02 20:33:00,Weekday
2025-05-02,20:33:00,20,Friday,Mysore Masala Dosa with Pure Ghee,Rasi's Special,80,12.0,Dine In,1,2025-05-02 20:33:00,Weekday
2025-05-02,20:33:00,20,Friday,Mysore Podi Dosa with Pure Ghee,Rasi's Special,100,12.0,Dine In,1,2025-05-02 20:33:00,Weekday
2025-05-02,20:33:00,20,Friday,Butter Roast,Dosai Varities,140,12.0,Dine In,1,2025-05-02 20:33:00,Weekday
2025-05-02,20:33:00,20,Friday,Chapathi Egg Kothu,Chappathi,130,12.0,Dine In,1,2025-05-02 20:33:00,Weekday
2025-05-02,20:33:00,20,Friday,Chapathi Veg Kothu,Chappathi,110,12.0,Dine In,1,2025-05-02 20:33:00,Weekday
2025-05-02,20:31:00,20,Friday,Chapathi,Chappathi,30,4.0,Dine In,1,2025-05-02 20:31:00,Weekday
2025-05-02,20:31:00,20,Friday,Chapathi Egg Kothu,Chappathi,130,4.0,Dine In,1,2025-05-02 20:31:00,Weekday
2025-05-02,20:31:00,20,Friday,Nool Paratha,Parrota,40,4.0,Dine In,1,2025-05-02 20:31:00,Weekday
2025-05-02,18:31:00,18,Friday,Garlic Podi Roast,Dosai Varities,120,,Take Away,1,2025-05-02 18:31:00,Weekday
2025-05-02,18:31:00,18,Friday,Gobi Ghee Roast,Dosai Varities,160,,Take Away,1,2025-05-02 18:31:00,Weekday
2025-05-02,18:28:00,18,Friday,Ghee Roast,Dosai Varities,120,,Take Away,1,2025-05-02 18:28:00,Weekday
2025-05-02,18:28:00,18,Friday,Gobi Butter Roast,Dosai Varities,160,,Take Away,1,2025-05-02 18:28:00,Weekday
2025-05-02,18:28:00,18,Friday,Gobi Ghee Roast,Dosai Varities,160,4.0,Dine In,6,2025-05-02 18:28:00,Weekday
2025-05-02,18:27:00,18,Friday,Garlic Podi Roast,Dosai Varities,120,4.0,Dine In,1,2025-05-02 18:27:00,Weekday
2025-05-02,18:27:00,18,Friday,Gobi Ghee Roast,Dosai Varities,160,4.0,Dine In,1,2025-05-02 18:27:00,Weekday
2025-05-02,18:27:00,18,Friday,Masal Roast,Dosai Varities,130,4.0,Dine In,1,2025-05-02 18:27:00,Weekday
2025-05-02,18:27:00,18,Friday,Garlic Podi Roast,Dosai Varities,120,4.0,Dine In,1,2025-05-02 18:27:00,Weekday
2025-05-02,18:27:00,18,Friday,Gobi Ghee Roast,Dosai Varities,160,4.0,Dine In,1,2025-05-02 18:27:00,Weekday
2025-05-02,18:25:00,18,Friday,Mysore Masala Dosa with Pure Ghee,Rasi's Special,80,4.0,Dine In,1,2025-05-02 18:25:00,Weekday
2025-05-02,18:25:00,18,Friday,Bangalore Podi Dosa with Pure Ghee,Rasi's Special,90,4.0,Dine In,1,2025-05-02 18:25:00,Weekday
2025-05-02,18:25:00,18,Friday,Kal Dosa,Dosai Varities,60,,Take Away,2,2025-05-02 18:25:00,Weekday
2025-05-02,18:24:00,18,Friday,Onion Roast,Dosai Varities,110,,Take Away,1,2025-05-02 18:24:00,Weekday
2025-05-02,18:24:00,18,Friday,Paneer Roast,Dosai Varities,150,,Take Away,1,2025-05-02 18:24:00,Weekday
2025-05-02,18:23:00,18,Friday,Garlic Podi Roast,Dosai Varities,120,,Take Away,1,2025-05-02 18:23:00,Weekday
2025-05-02,18:23:00,18,Friday,Gobi Ghee Roast,Dosai Varities,160,,Take Away,1,2025-05-02 18:23:00,Weekday
2025-05-02,18:23:00,18,Friday,Masal Roast,Dosai Varities,130,,Take Away,1,2025-05-02 18:23:00,Weekday
2025-05-02,18:22:00,18,Friday,Gobi Ghee Roast,Dosai Varities,160,,Take Away,1,2025-05-02 18:22:00,Weekday
2025-05-02,18:22:00,18,Friday,Gobi Butter Roast,Dosai Varities,160,,Take Away,1,2025-05-02 18:22:00,Weekday
2025-05-02,18:18:00,18,Friday,Ghee Roast,Dosai Varities,120,,Take Away,1,2025-05-02 18:18:00,Weekday
2025-05-02,18:18:00,18,Friday,Gobi Butter Roast,Dosai Varities,160,,Take Away,1,2025-05-02 18:18:00,Weekday
2025-05-02,18:18:00,18,Friday,Gobi Ghee Roast,Dosai Varities,160,,Take Away,1,2025-05-02 18:18:00,Weekday
2025-05-02,18:08:00,18,Friday,Butter Roast,Dosai Varities,140,,Take Away,1,2025-05-02 18:08:00,Weekday
2025-05-02,18:08:00,18,Friday,Gobi Butter Roast,Dosai Varities,160,,Take Away,1,2025-05-02 18:08:00,Weekday
2025-05-02,18:08:00,18,Friday,Gobi Ghee Roast,Dosai Varities,160,,Take Away,1,2025-05-02 18:08:00,Weekday
2025-05-02,18:07:00,18,Friday,Bangalore Podi Dosa with Pure Ghee,Rasi's Special,90,,Take Away,1,2025-05-02 18:07:00,Weekday
2025-05-02,18:07:00,18,Friday,Mysore Masala Dosa with Pure Ghee,Rasi's Special,80,,Take Away,1,2025-05-02 18:07:00,Weekday
2025-05-02,18:07:00,18,Friday,Garlic Podi Roast,Dosai Varities,120,,Take Away,1,2025-05-02 18:07:00,Weekday
2025-04-17,12:27:00,12,Thursday,Ghee Roast,Dosai Varities,120,4.0,Dine In,1,2025-04-17 12:27:00,Weekday
2025-04-17,12:27:00,12,Thursday,Gobi Roast,Dosai Varities,120,4.0,Dine In,1,2025-04-17 12:27:00,Weekday
2025-04-17,12:24:00,12,Thursday,Garlic Podi Roast,Dosai Varities,120,4.0,Dine In,1,2025-04-17 12:24:00,Weekday
2025-04-17,12:24:00,12,Thursday,Gobi Ghee Roast,Dosai Varities,160,4.0,Dine In,1,2025-04-17 12:24:00,Weekday
2025-04-17,12:23:00,12,Thursday,Gobi Ghee Roast,Dosai Varities,160,,Take Away,1,2025-04-17 12:23:00,Weekday
2025-04-17,12:23:00,12,Thursday,Masal Roast,Dosai Varities,130,,Take Away,1,2025-04-17 12:23:00,Weekday
2025-04-17,12:17:00,12,Thursday,Gobi Butter Roast,Dosai Varities,160,,Take Away,1,2025-04-17 12:17:00,Weekday
2025-04-17,12:17:00,12,Thursday,Butter Roast,Dosai Varities,140,,Take Away,1,2025-04-17 12:17:00,Weekday
2025-04-17,12:17:00,12,Thursday,Garlic Podi Roast,Dosai Varities,120,,Take Away,1,2025-04-17 12:17:00,Weekday
2025-04-17,12:17:00,12,Thursday,Gobi Ghee Roast,Dosai Varities,160,,Take Away,1,2025-04-17 12:17:00,Weekday
2025-04-16,20:36:00,20,Wednesday,Butter Roast,Dosai Varities,140,4.0,Dine In,1,2025-04-16 20:36:00,Weekday
2025-04-16,20:36:00,20,Wednesday,Garlic Podi Roast,Dosai Varities,120,4.0,Dine In,1,2025-04-16 20:36:00,Weekday
2025-04-16,19:45:00,19,Wednesday,Garlic Podi Roast,Dosai Varities,120,4.0,Dine In,2,2025-04-16 19:45:00,Weekday
2025-04-16,19:36:00,19,Wednesday,Garlic Podi Roast,Dosai Varities,120,4.0,Dine In,1,2025-04-16 19:36:00,Weekday
2025-04-16,19:36:00,19,Wednesday,Gobi Ghee Roast,Dosai Varities,160,4.0,Dine In,1,2025-04-16 19:36:00,Weekday
2025-04-16,16:53:00,16,Wednesday,Bangalore Masala Dosa with Pure Ghee,Rasi's Special,70,4.0,Dine In,1,2025-04-16 16:53:00,Weekday
2025-04-16,16:53:00,16,Wednesday,Bangalore Podi Dosa with Pure Ghee,Rasi's Special,90,4.0,Dine In,1,2025-04-16 16:53:00,Weekday
2025-04-16,16:43:00,16,Wednesday,Butter Roast,Dosai Varities,140,4.0,Dine In,1,2025-04-16 16:43:00,Weekday
2025-04-16,16:42:00,16,Wednesday,Bangalore Masala Dosa with Pure Ghee,Rasi's Special,70,4.0,Dine In,1,2025-04-16 16:42:00,Weekday
2025-04-16,16:42:00,16,Wednesday,Bangalore Podi Dosa with Pure Ghee,Rasi's Special,90,4.0,Dine In,1,2025-04-16 16:42:00,Weekday
2025-04-16,11:32:00,11,Wednesday,Bangalore Masala Dosa with Pure Ghee,Rasi's Special,70,4.0,Dine In,1,2025-04-16 11:32:00,Weekday
2025-04-16,11:32:00,11,Wednesday,Bangalore Podi Dosa with Pure Ghee,Rasi's Special,90,4.0,Dine In,1,2025-04-16 11:32:00,Weekday
2025-04-16,11:32:00,11,Wednesday,Mysore Masala Dosa with Pure Ghee,Rasi's Special,80,4.0,Dine In,1,2025-04-16 11:32:00,Weekday
2025-04-16,11:32:00,11,Wednesday,Mysore Podi Dosa with Pure Ghee,Rasi's Special,100,4.0,Dine In,1,2025-04-16 11:32:00,Weekday
2025-04-15,20:48:00,20,Tuesday,Garlic Podi Roast,Dosai Varities,120,4.0,Dine In,1,2025-04-15 20:48:00,Weekday
2025-04-15,20:46:00,20,Tuesday,Garlic Podi Roast,Dosai Varities,120,4.0,Dine In,1,2025-04-15 20:46:00,Weekday
2025-04-15,20:46:00,20,Tuesday,Gobi Ghee Roast,Dosai Varities,160,4.0,Dine In,1,2025-04-15 20:46:00,Weekday
2025-04-15,19:39:00,19,Tuesday,Bangalore Podi Dosa with Pure Ghee,Rasi's Special,90,4.0,Dine In,1,2025-04-15 19:39:00,Weekday
2025-04-15,19:39:00,19,Tuesday,Mysore Masala Dosa with Pure Ghee,Rasi's Special,80,4.0,Dine In,1,2025-04-15 19:39:00,Weekday
2025-04-15,19:39:00,19,Tuesday,Bangalore Masala Dosa with Pure Ghee,Rasi's Special,70,4.0,Dine In,1,2025-04-15 19:39:00,Weekday
2025-04-15,19:39:00,19,Tuesday,Mysore Podi Dosa with Pure Ghee,Rasi's Special,100,4.0,Dine In,1,2025-04-15 19:39:00,Weekday
2025-04-15,19:31:00,19,Tuesday,Mysore Masala Dosa with Pure Ghee,Rasi's Special,80,4.0,Dine In,1,2025-04-15 19:31:00,Weekday
2025-04-15,19:31:00,19,Tuesday,Bangalore Masala Dosa with Pure Ghee,Rasi's Special,70,4.0,Dine In,1,2025-04-15 19:31:00,Weekday
2025-04-15,19:25:00,19,Tuesday,Mysore Podi Dosa with Pure Ghee,Rasi's Special,100,4.0,Dine In,1,2025-04-15 19:25:00,Weekday
2025-04-15,19:24:00,19,Tuesday,Ghee Roast,Dosai Varities,120,4.0,Dine In,1,2025-04-15 19:24:00,Weekday
2025-04-15,19:14:00,19,Tuesday,Bangalore Masala Dosa with Pure Ghee,Rasi's Special,70,4.0,Dine In,1,2025-04-15 19:14:00,Weekday
2025-04-15,19:03:00,19,Tuesday,Mysore Masala Dosa with Pure Ghee,Rasi's Special,80,4.0,Dine In,1,2025-04-15 19:03:00,Weekday
2025-04-15,19:02:00,19,Tuesday,Mysore Masala Dosa with Pure Ghee,Rasi's Special,80,4.0,Dine In,1,2025-04-15 19:02:00,Weekday
2025-04-15,18:54:00,18,Tuesday,Egg Dosa Roast,Dosai Varities (Non-veg),100,4.0,Dine In,1,2025-04-15 18:54:00,Weekday
2025-04-15,18:54:00,18,Tuesday,Bun Parota,Parrota,50,4.0,Dine In,1,2025-04-15 18:54:00,Weekday
2025-04-15,18:31:00,18,Tuesday,Garlic Podi Roast,Dosai Varities,120,4.0,Dine In,1,2025-04-15 18:31:00,Weekday
2025-04-15,18:31:00,18,Tuesday,Gobi Ghee Roast,Dosai Varities,160,4.0,Dine In,1,2025-04-15 18:31:00,Weekday
2025-04-15,18:23:00,18,Tuesday,Water,Others,10,,Take Away,1,2025-04-15 18:23:00,Weekday
2025-04-15,18:23:00,18,Tuesday,llai,Others,10,,Take Away,1,2025-04-15 18:23:00,Weekday
2025-04-15,18:12:00,18,Tuesday,Thattu Podi Idli,Idli,100,4.0,Dine In,1,2025-04-15 18:12:00,Weekday
2025-04-15,18:12:00,18,Tuesday,Curd Rice,Rice&Biriyani,50,4.0,Dine In,1,2025-04-15 18:12:00,Weekday
2025-04-15,17:55:00,17,Tuesday,Mysore Masala Dosa with Pure Ghee,Rasi's Special,80,,Take Away,1,2025-04-15 17:55:00,Weekday
2025-04-15,16:40:00,16,Tuesday,Mysore Masala Dosa with Pure Ghee,Rasi's Special,80,,Take Away,1,2025-04-15 16:40:00,Weekday
2025-04-15,16:40:00,16,Tuesday,Masal Roast,Dosai Varities,130,,Take Away,1,2025-04-15 16:40:00,Weekday
2025-04-15,16:16:00,16,Tuesday,Mysore Podi Dosa with Pure Ghee,Rasi's Special,100,,Take Away,1,2025-04-15 16:16:00,Weekday
2025-04-15,15:42:00,15,Tuesday,Mysore Masala Dosa with Pure Ghee,Rasi's Special,80,4.0,Dine In,1,2025-04-15 15:42:00,Weekday
2025-04-15,15:41:00,15,Tuesday,Mysore Masala Dosa with Pure Ghee,Rasi's Special,80,,Take Away,1,2025-04-15 15:41:00,Weekday
2025-04-15,15:41:00,15,Tuesday,Curd Rice,Rice&Biriyani,50,,Take Away,1,2025-04-15 15:41:00,Weekday
2025-04-15,14:46:00,14,Tuesday,Mysore Podi Dosa with Pure Ghee,Rasi's Special,100,4.0,Dine In,1,2025-04-15 14:46:00,Weekday
2025-04-15,10:21:00,10,Tuesday,Mysore Masala Dosa with Pure Ghee,Rasi's Special,80,,Take Away,1,2025-04-15 10:21:00,Weekday
2025-04-12,15:14:00,15,Saturday,Mysore Masala Dosa with Pure Ghee,Rasi's Special,80,,Take Away,1,2025-04-12 15:14:00,Weekend
2025-04-12,15:14:00,15,Saturday,Garlic Podi Roast,Dosai Varities,120,,Take Away,1,2025-04-12 15:14:00,Weekend
2025-04-12,15:12:00,15,Saturday,Gobi Ghee Roast,Dosai Varities,160,,Take Away,1,2025-04-12 15:12:00,Weekend
2025-04-12,15:12:00,15,Saturday,Gobi Butter Roast,Dosai Varities,160,,Take Away,1,2025-04-12 15:12:00,Weekend
2025-04-12,15:12:00,15,Saturday,Ghee Roast,Dosai Varities,120,,Take Away,1,2025-04-12 15:12:00,Weekend
2025-04-12,15:09:00,15,Saturday,Mysore Masala Dosa with Pure Ghee,Rasi's Special,80,,Take Away,1,2025-04-12 15:09:00,Weekend
2025-04-12,15:09:00,15,Saturday,Garlic Podi Roast,Dosai Varities,120,,Take Away,1,2025-04-12 15:09:00,Weekend
2025-04-12,15:09:00,15,Saturday,Gobi Ghee Roast,Dosai Varities,160,,Take Away,1,2025-04-12 15:09:00,Weekend
2025-04-12,14:47:00,14,Saturday,Mysore Masala Dosa with Pure Ghee,Rasi's Special,80,,Take Away,1,2025-04-12 14:47:00,Weekend
2025-04-12,14:47:00,14,Saturday,Garlic Podi Roast,Dosai Varities,120,,Take Away,1,2025-04-12 14:47:00,Weekend
2025-04-11,17:03:00,17,Friday,Mysore Masala Dosa with Pure Ghee,Rasi's Special,80,,Take Away,1,2025-04-11 17:03:00,Weekday
2025-04-11,16:43:00,16,Friday,Bangalore Podi Dosa with Pure Ghee,Rasi's Special,90,4.0,Dine In,1,2025-04-11 16:43:00,Weekday
2025-04-11,16:43:00,16,Friday,Mysore Masala Dosa with Pure Ghee,Rasi's Special,80,4.0,Dine In,1,2025-04-11 16:43:00,Weekday
2025-04-11,16:31:00,16,Friday,Chicken 65 Uthappam,Dosai Varities (Non-veg),190,,Take Away,1,2025-04-11 16:31:00,Weekday
2025-04-11,16:26:00,16,Friday,Garlic Podi Roast,Dosai Varities,120,,Take Away,1,2025-04-11 16:26:00,Weekday
2025-04-11,16:24:00,16,Friday,Mysore Podi Dosa with Pure Ghee,Rasi's Special,100,,Take Away,1,2025-04-11 16:24:00,Weekday
2025-04-11,16:21:00,16,Friday,Mysore Masala Dosa with Pure Ghee,Rasi's Special,80,,Take Away,1,2025-04-11 16:21:00,Weekday
2025-04-11,16:19:00,16,Friday,Mysore Masala Dosa with Pure Ghee,Rasi's Special,80,,Take Away,1,2025-04-11 16:19:00,Weekday
2025-04-11,16:04:00,16,Friday,Mysore Podi Dosa with Pure Ghee,Rasi's Special,100,,Take Away,1,2025-04-11 16:04:00,Weekday
2025-04-11,16:00:00,16,Friday,Mysore Masala Dosa with Pure Ghee,Rasi's Special,80,,Take Away,1,2025-04-11 16:00:00,Weekday
2025-04-11,15:38:00,15,Friday,Bangalore Podi Dosa with Pure Ghee,Rasi's Special,90,4.0,Dine In,1,2025-04-11 15:38:00,Weekday
2025-04-11,15:37:00,15,Friday,Podi Roast,Dosai Varities,100,4.0,Dine In,1,2025-04-11 15:37:00,Weekday
2025-04-11,15:27:00,15,Friday,Mysore Masala Dosa with Pure Ghee,Rasi's Special,80,4.0,Dine In,1,2025-04-11 15:27:00,Weekday
2025-04-11,15:27:00,15,Friday,Mysore Podi Dosa with Pure Ghee,Rasi's Special,100,4.0,Dine In,1,2025-04-11 15:27:00,Weekday
2025-04-11,14:52:00,14,Friday,Butter Roast,Dosai Varities,140,4.0,Dine In,1,2025-04-11 14:52:00,Weekday
2025-04-11,14:52:00,14,Friday,Rasi Fish Curry,Non-Veg. Starters,220,4.0,Dine In,1,2025-04-11 14:52:00,Weekday
2025-04-11,14:52:00,14,Friday,Rasi Prawn Masala,Non-Veg. Starters,240,4.0,Dine In,1,2025-04-11 14:52:00,Weekday
2025-04-11,14:42:00,14,Friday,Mysore Podi Dosa with Pure Ghee,Rasi's Special,100,4.0,Dine In,1,2025-04-11 14:42:00,Weekday
2025-04-11,11:32:00,11,Friday,Bun Parota,Parrota,50,,Take Away,1,2025-04-11 11:32:00,Weekday
2025-04-11,11:31:00,11,Friday,Mysore Podi Dosa with Pure Ghee,Rasi's Special,100,,Take Away,1,2025-04-11 11:31:00,Weekday
2025-04-11,11:19:00,11,Friday,Curd Rice,Rice&Biriyani,50,12.0,Dine In,1,2025-04-11 11:19:00,Weekday
2025-04-11,11:19:00,11,Friday,Chilli Chicken,Non-Veg. Starters,170,12.0,Dine In,1,2025-04-11 11:19:00,Weekday
2025-04-11,11:19:00,11,Friday,Chicken Rice,Rice & Noodles,160,12.0,Dine In,2,2025-04-11 11:19:00,Weekday
2025-04-10,18:00:00,18,Thursday,Mysore Masala Dosa with Pure Ghee,Rasi's Special,80,4.0,Dine In,1,2025-04-10 18:00:00,Weekday
2025-04-10,18:00:00,18,Thursday,Garlic Chicken,Non-Veg. Starters,180,4.0,Dine In,1,2025-04-10 18:00:00,Weekday
2025-04-10,17:43:00,17,Thursday,Egg Veechu Paratha,Parrota,100,4.0,Dine In,1,2025-04-10 17:43:00,Weekday
2025-04-10,17:43:00,17,Thursday,Egg Rice,Rice & Noodles,140,4.0,Dine In,1,2025-04-10 17:43:00,Weekday
2025-04-10,16:59:00,16,Thursday,Mysore Masala Dosa with Pure Ghee,Rasi's Special,80,4.0,Dine In,1,2025-04-10 16:59:00,Weekday
2025-04-10,16:29:00,16,Thursday,Mysore Masala Dosa with Pure Ghee,Rasi's Special,80,4.0,Dine In,1,2025-04-10 16:29:00,Weekday
2025-04-10,16:29:00,16,Thursday,Mysore Podi Dosa with Pure Ghee,Rasi's Special,100,4.0,Dine In,1,2025-04-10 16:29:00,Weekday
2025-04-10,16:29:00,16,Thursday,Butter Roast,Dosai Varities,140,4.0,Dine In,1,2025-04-10 16:29:00,Weekday
2025-04-10,16:29:00,16,Thursday,Garlic Podi Roast,Dosai Varities,120,4.0,Dine In,1,2025-04-10 16:29:00,Weekday
2025-04-10,16:29:00,16,Thursday,Ghee Roast,Dosai Varities,120,4.0,Dine In,1,2025-04-10 16:29:00,Weekday
2025-04-10,16:28:00,16,Thursday,Butter Roast,Dosai Varities,140,4.0,Dine In,1,2025-04-10 16:28:00,Weekday
2025-04-10,16:24:00,16,Thursday,Gobi Butter Roast,Dosai Varities,160,4.0,Dine In,1,2025-04-10 16:24:00,Weekday
2025-04-10,16:11:00,16,Thursday,Mysore Masala Dosa with Pure Ghee,Rasi's Special,80,,Take Away,2,2025-04-10 16:11:00,Weekday
2025-04-10,16:11:00,16,Thursday,Garlic Podi Roast,Dosai Varities,120,,Take Away,2,2025-04-10 16:11:00,Weekday
2025-04-10,16:11:00,16,Thursday,Gobi Ghee Roast,Dosai Varities,160,,Take Away,1,2025-04-10 16:11:00,Weekday
2025-04-10,16:11:00,16,Thursday,Parcel,Others,5,,Take Away,1,2025-04-10 16:11:00,Weekday
2025-04-10,16:10:00,16,Thursday,Mysore Masala Dosa with Pure Ghee,Rasi's Special,80,,Take Away,2,2025-04-10 16:10:00,Weekday
2025-04-10,16:10:00,16,Thursday,Parcel,Others,5,,Take Away,1,2025-04-10 16:10:00,Weekday
2025-04-10,15:35:00,15,Thursday,Mysore Masala Dosa with Pure Ghee,Rasi's Special,80,4.0,Dine In,1,2025-04-10 15:35:00,Weekday
2025-04-10,15:35:00,15,Thursday,Egg Gravy,Egg,120,4.0,Dine In,1,2025-04-10 15:35:00,Weekday
2025-04-10,15:35:00,15,Thursday,Parcel,Others,5,4.0,Dine In,1,2025-04-10 15:35:00,Weekday
2025-04-10,15:35:00,15,Thursday,llai,Others,10,4.0,Dine In,1,2025-04-10 15:35:00,Weekday
2025-04-10,15:35:00,15,Thursday,Water,Others,10,4.0,Dine In,1,2025-04-10 15:35:00,Weekday
2025-04-10,15:12:00,15,Thursday,Ghee Roast,Dosai Varities,120,4.0,Dine In,1,2025-04-10 15:12:00,Weekday
2025-04-10,15:12:00,15,Thursday,Kal Dosa,Dosai Varities,60,4.0,Dine In,1,2025-04-10 15:12:00,Weekday
2025-04-10,15:12:00,15,Thursday,Mysore Masala Dosa with Pure Ghee,Rasi's Special,80,4.0,Dine In,1,2025-04-10 15:12:00,Weekday
2025-04-10,15:01:00,15,Thursday,Gobi Rice,Rice & Noodles,140,4.0,Dine In,2,2025-04-10 15:01:00,Weekday
2025-04-10,15:01:00,15,Thursday,Bangalore Podi Dosa with Pure Ghee,Rasi's Special,90,4.0,Dine In,1,2025-04-10 15:01:00,Weekday
2025-04-10,15:00:00,15,Thursday,Chilli Chicken,Non-Veg. Starters,170,,,2,2025-04-10 15:00:00,Weekday
2025-04-10,15:00:00,15,Thursday,Parcel,Others,5,,Take Away,1,2025-04-10 15:00:00,Weekday
2025-04-10,14:58:00,14,Thursday,Garlic Podi Roast,Dosai Varities,120,4.0,Dine In,1,2025-04-10 14:58:00,Weekday
2025-04-10,14:55:00,14,Thursday,Mysore Masala Dosa with Pure Ghee,Rasi's Special,80,4.0,Dine In,1,2025-04-10 14:55:00,Weekday
2025-04-10,14:51:00,14,Thursday,Bangalore Podi Dosa with Pure Ghee,Rasi's Special,90,4.0,Dine In,1,2025-04-10 14:51:00,Weekday
2025-04-10,14:47:00,14,Thursday,Gobi 65,Soup(Veg & Non Veg),120,4.0,Dine In,1,2025-04-10 14:47:00,Weekday
2025-04-10,14:45:00,14,Thursday,Bangalore Podi Dosa with Pure Ghee,Rasi's Special,90,4.0,Dine In,1,2025-04-10 14:45:00,Weekday
2025-04-10,13:30:00,13,Thursday,Bangalore Podi Dosa with Pure Ghee,Rasi's Special,90,4.0,Dine In,1,2025-04-10 13:30:00,Weekday
2025-04-10,13:30:00,13,Thursday,Chicken Rice,Rice & Noodles,160,4.0,Dine In,1,2025-04-10 13:30:00,Weekday
2025-04-10,13:30:00,13,Thursday,Paneer Butter Masala,Veg & Non-Veg Gravy,190,4.0,Dine In,1,2025-04-10 13:30:00,Weekday
2025-04-10,13:30:00,13,Thursday,Egg Porial Dosa,Dosai Varities,140,4.0,Dine In,1,2025-04-10 13:30:00,Weekday
2025-04-10,13:30:00,13,Thursday,Mysore Podi Dosa with Pure Ghee,Rasi's Special,100,4.0,Dine In,1,2025-04-10 13:30:00,Weekday
2025-04-10,13:29:00,13,Thursday,Bangalore Podi Dosa with Pure Ghee,Rasi's Special,90,4.0,Dine In,1,2025-04-10 13:29:00,Weekday
2025-04-10,13:29:00,13,Thursday,Rasi Fish Curry,Non-Veg. Starters,220,4.0,Dine In,1,2025-04-10 13:29:00,Weekday
2025-04-10,13:29:00,13,Thursday,Chicken Lappa,Parrota,180,4.0,Dine In,1,2025-04-10 13:29:00,Weekday
2025-04-10,13:29:00,13,Thursday,Chicken Kothu Parota,Parrota,180,4.0,Dine In,1,2025-04-10 13:29:00,Weekday
2025-04-10,13:21:00,13,Thursday,Bangalore Podi Dosa with Pure Ghee,Rasi's Special,90,4.0,Dine In,1,2025-04-10 13:21:00,Weekday
2025-04-10,13:20:00,13,Thursday,Mysore Masala Dosa with Pure Ghee,Rasi's Special,80,4.0,Dine In,1,2025-04-10 13:20:00,Weekday
2025-04-10,13:20:00,13,Thursday,Ghee Roast,Dosai Varities,120,4.0,Dine In,1,2025-04-10 13:20:00,Weekday
2025-04-10,13:08:00,13,Thursday,Mysore Podi Dosa with Pure Ghee,Rasi's Special,100,,Take Away,1,2025-04-10 13:08:00,Weekday
2025-04-10,13:08:00,13,Thursday,Bangalore Podi Dosa with Pure Ghee,Rasi's Special,90,,Take Away,1,2025-04-10 13:08:00,Weekday
2025-04-10,13:08:00,13,Thursday,Mysore Masala Dosa with Pure Ghee,Rasi's Special,80,,Take Away,1,2025-04-10 13:08:00,Weekday
2025-04-10,13:07:00,13,Thursday,Bangalore Podi Dosa with Pure Ghee,Rasi's Special,90,4.0,Dine In,1,2025-04-10 13:07:00,Weekday
2025-04-10,13:03:00,13,Thursday,Mysore Masala Dosa with Pure Ghee,Rasi's Special,80,4.0,Dine In,1,2025-04-10 13:03:00,Weekday
2025-04-10,13:03:00,13,Thursday,Mysore Podi Dosa with Pure Ghee,Rasi's Special,100,4.0,Dine In,1,2025-04-10 13:03:00,Weekday
2025-04-10,13:03:00,13,Thursday,Rasi Fish Curry,Non-Veg. Starters,220,4.0,Dine In,1,2025-04-10 13:03:00,Weekday
2025-04-10,13:03:00,13,Thursday,Rasi Prawn Masala,Non-Veg. Starters,240,4.0,Dine In,1,2025-04-10 13:03:00,Weekday
2025-04-10,13:03:00,13,Thursday,Prawn Curry Dosa,Dosai Varities,230,4.0,Dine In,1,2025-04-10 13:03:00,Weekday
2025-04-10,13:02:00,13,Thursday,Bangalore Podi Dosa with Pure Ghee,Rasi's Special,90,4.0,Dine In,1,2025-04-10 13:02:00,Weekday
2025-04-10,12:57:00,12,Thursday,Plain Uthappam,Dosai Varities,50,,Take Away,1,2025-04-10 12:57:00,Weekday
2025-04-10,12:57:00,12,Thursday,Chilli Idli,Idli,140,,Take Away,1,2025-04-10 12:57:00,Weekday
2025-04-10,12:57:00,12,Thursday,Parcel,Others,5,,Take Away,1,2025-04-10 12:57:00,Weekday
2025-04-10,10:30:00,10,Thursday,Bangalore Podi Dosa with Pure Ghee,Rasi's Special,90,,Take Away,1,2025-04-10 10:30:00,Weekday
2025-04-10,10:30:00,10,Thursday,Mysore Masala Dosa with Pure Ghee,Rasi's Special,80,,Take Away,1,2025-04-10 10:30:00,Weekday
2025-04-10,10:29:00,10,Thursday,Bangalore Podi Dosa with Pure Ghee,Rasi's Special,90,,Take Away,1,2025-04-10 10:29:00,Weekday
2025-04-10,10:29:00,10,Thursday,Parcel,Others,5,,Take Away,1,2025-04-10 10:29:00,Weekday
2025-04-09,18:58:00,18,Wednesday,Chapathi,Chappathi,30,4.0,Dine In,2,2025-04-09 18:58:00,Weekday
2025-04-09,18:55:00,18,Wednesday,Mysore Podi Dosa with Pure Ghee,Rasi's Special,100,,Take Away,1,2025-04-09 18:55:00,Weekday
2025-04-09,18:55:00,18,Wednesday,Parcel,Others,5,,Take Away,1,2025-04-09 18:55:00,Weekday
2025-04-09,18:42:00,18,Wednesday,Mysore Masala Dosa with Pure Ghee,Rasi's Special,80,,Take Away,1,2025-04-09 18:42:00,Weekday
2025-04-09,18:26:00,18,Wednesday,Mysore Podi Dosa with Pure Ghee,Rasi's Special,100,4.0,Dine In,2,2025-04-09 18:26:00,Weekday
2025-04-09,18:04:00,18,Wednesday,Plain Dosa,Dosai Varities,60,4.0,Dine In,2,2025-04-09 18:04:00,Weekday
2025-04-09,18:04:00,18,Wednesday,Curd Rice,Rice&Biriyani,50,4.0,Dine In,2,2025-04-09 18:04:00,Weekday
2025-04-09,17:41:00,17,Wednesday,Mysore Podi Dosa with Pure Ghee,Rasi's Special,100,,Take Away,2,2025-04-09 17:41:00,Weekday
2025-04-09,13:38:00,13,Wednesday,Garlic Podi Roast,Dosai Varities,120,,Take Away,1,2025-04-09 13:38:00,Weekday
2025-04-09,13:38:00,13,Wednesday,Butter Roast,Dosai Varities,140,,Take Away,1,2025-04-09 13:38:00,Weekday
2025-04-09,13:16:00,13,Wednesday,Podi Roast,Dosai Varities,100,4.0,Dine In,1,2025-04-09 13:16:00,Weekday
2025-04-09,12:59:00,12,Wednesday,Gobi Butter Roast,Dosai Varities,160,4.0,Dine In,1,2025-04-09 12:59:00,Weekday
2025-04-09,12:22:00,12,Wednesday,Mysore Podi Dosa with Pure Ghee,Rasi's Special,100,4.0,Dine In,1,2025-04-09 12:22:00,Weekday
2025-04-09,11:45:00,11,Wednesday,Kal Dosa,Dosai Varities,60,4.0,Dine In,1,2025-04-09 11:45:00,Weekday
2025-04-09,11:45:00,11,Wednesday,Star Idli,Idli,20,4.0,Dine In,1,2025-04-09 11:45:00,Weekday
2025-04-09,11:11:00,11,Wednesday,Mysore Podi Dosa with Pure Ghee,Rasi's Special,100,,Take Away,1,2025-04-09 11:11:00,Weekday
2025-04-09,11:11:00,11,Wednesday,Butter Roast,Dosai Varities,140,,Take Away,1,2025-04-09 11:11:00,Weekday
2025-04-08,17:50:00,17,Tuesday,Mysore Masala Dosa with Pure Ghee,Rasi's Special,80,,Take Away,1,2025-04-08 17:50:00,Weekday
2025-04-08,17:43:00,17,Tuesday,Mysore Podi Dosa with Pure Ghee,Rasi's Special,100,,Take Away,1,2025-04-08 17:43:00,Weekday
2025-04-08,16:55:00,16,Tuesday,Bangalore Podi Dosa with Pure Ghee,Rasi's Special,90,4.0,Dine In,2,2025-04-08 16:55:00,Weekday
2025-04-08,16:55:00,16,Tuesday,Garlic Podi Roast,Dosai Varities,120,4.0,Dine In,2,2025-04-08 16:55:00,Weekday
2025-04-08,16:52:00,16,Tuesday,Bangalore Masala Dosa with Pure Ghee,Rasi's Special,70,,Take Away,2,2025-04-08 16:52:00,Weekday
